{"accessibilityPrompt":true,"alwaysOnTop":false,"arch":"arm64","asar":false,"blockExternalUrls":false,"bounce":false,"buildDate":1689208687859,"clearCache":false,"counter":false,"darwinDarkModeSupport":false,"disableContextMenu":false,"disableDevTools":false,"disableGpu":false,"disableOldBuildWarning":false,"electronVersionUsed":"19.1.4","enableEs3Apis":false,"fastQuit":false,"fullScreen":false,"height":800,"hideWindowFrame":false,"ignoreCertificate":false,"ignoreGpuBlacklist":false,"insecure":false,"isUpgrade":false,"maximize":false,"name":"HandBunny","nativefierVersion":"50.1.1","portable":false,"quiet":false,"showMenuBar":false,"singleInstance":false,"strictInternalUrls":false,"targetUrl":"https://keziacamposcs.github.io/HandBunny/app.html","tray":"false","userAgentHonest":false,"width":1280,"widevine":false,"win32metadata":{"ProductName":"HandBunny","InternalName":"HandBunny","FileDescription":"HandBunny"},"zoom":1,"oldBuildWarningText":""}